"Variable / Field Name","Form Name","Section Header","Field Type","Field Label","Choices, Calculations, OR Slider Labels","Field Note","Text Validation Type OR Show Slider Number","Text Validation Min","Text Validation Max",Identifier?,"Branching Logic (Show field only if...)","Required Field?","Custom Alignment","Question Number (surveys only)","Matrix Group Name","Matrix Ranking?","Field Annotation"
sms_datetime,sms,,text,"Date and time",,,datetime_seconds_dmy,,,,,,,,,," @READONLY @NOW"
sms_from_number,sms,,text,"From number",,,,,,y,"[sms_direction] = '1'",,RH,,,," @READONLY"
sms_num_ending,sms,,text,"Number ending",,"(last 3 digits of phone number)",,,,,"[sms_direction] = '1'",,RH,,,," @READONLY"
sms_body,sms,,notes,"Message- incoming",,,,,,,"[sms_direction] = '1'",,,,,," @READONLY"
desc_outoging_sms,sms,,descriptive,"Type a message in the box below and save the page to send an SMS to the participant:",,,,,,,"[sms_direction] = '2'",,,,,,
sms_body_out,sms,,notes,"Message- outgoing",,,,,,,"[sms_direction] = '2'",,,,,,
sms_direction,sms,,dropdown,direction,"1, Incoming | 2, Outgoing",,,,,,,,,,,," @READONLY @DEFAULT='2'"
sms_read,sms,,radio,"Mark as read","0, Unread | 1, Read",,,,,,"[sms_direction] = '1'",,RH,,,,
